{
  "name": "angular-translate-loader-url",
  "description": "A plugin for Angular Translate",
  "version": "2.6.1",
  "main": "./angular-translate-loader-url.js",
  "dependencies": {
    "angular-translate": "~2.6.1"
  },
  "ignore": [],
  "author": "Pascal Precht",
  "licenses": [
    {
      "type": "MIT",
      "url": "http://www.opensource.org/licenses/MIT"
    }
  ],
  "homepage": "https://github.com/PascalPrecht/bower-angular-translate-loader-url",
  "_release": "2.6.1",
  "_resolution": {
    "type": "version",
    "tag": "2.6.1",
    "commit": "6ba90c455d9348f3ce87d57e88544017e23947bc"
  },
  "_source": "https://github.com/PascalPrecht/bower-angular-translate-loader-url.git",
  "_target": "~2.6.1",
  "_originalSource": "angular-translate-loader-url"
}