{
  "name": "angular-resource",
  "version": "1.2.29",
  "main": "./angular-resource.js",
  "ignore": [],
  "dependencies": {
    "angular": "1.2.29"
  },
  "homepage": "https://github.com/angular/bower-angular-resource",
  "_release": "1.2.29",
  "_resolution": {
    "type": "version",
    "tag": "v1.2.29",
    "commit": "bb8c7552b28a9c2fa598b654ea033a6d4e6519c0"
  },
  "_source": "https://github.com/angular/bower-angular-resource.git",
  "_target": "~1.2",
  "_originalSource": "angular-resource"
}