<configuration>

  <appender name="STDOUT" class="ch.qos.logback.core.ConsoleAppender">
    <encoder>
      <pattern>%coloredLevel %logger{15} - %message%n%xException{5}</pattern>
    </encoder>
  </appender>
  
  <appender name="FILEUPS" class="ch.qos.logback.core.FileAppender">
     <file>/var/log/timsports/upstream.log</file>
     <encoder>
       <pattern>%date - [%level] - %message%n%xException</pattern>
     </encoder>
   </appender>

    <appender name="FILEUPSSUB" class="ch.qos.logback.core.FileAppender">
        <file>/var/log/timsports/upstreamSub.log</file>
        <encoder>
            <pattern>%date - [%level] - %message%n%xException</pattern>
        </encoder>
    </appender>

    <appender name="FILEPUSH" class="ch.qos.logback.core.FileAppender">
        <file>/var/log/timsports/push.log</file>
        <encoder>
            <pattern>%date - [%level] - %message%n%xException</pattern>
        </encoder>
    </appender>

    <appender name="FILESECURED" class="ch.qos.logback.core.FileAppender">
        <file>/var/log/timsports/secured.log</file>
        <encoder>
            <pattern>%date - [%level] - %message%n%xException</pattern>
        </encoder>
    </appender>

    <appender name="FILEREQUESTS" class="ch.qos.logback.core.FileAppender">
        <file>/var/log/timsports/requests.log</file>
        <encoder>
            <pattern>%date - [%level] - %message%n%xException</pattern>
        </encoder>
    </appender>

    <logger name="secured" level="TRACE" additivity="false">
        <appender-ref ref="FILESECURED" />
    </logger>

    <logger name="request" level="TRACE" additivity="false">
        <appender-ref ref="FILEREQUESTS" />
    </logger>

    <logger name="upstream" level="TRACE" additivity="false">
        <appender-ref ref="FILEUPS" />
    </logger>

    <logger name="upstream_subscribe" level="TRACE" additivity="false">
        <appender-ref ref="FILEUPSSUB" />
    </logger>

    <logger name="push" level="TRACE" additivity="false">
        <appender-ref ref="FILEPUSH" />
    </logger>

    <!-- Off these ones as they are annoying, and anyway we manage configuration ourself -->
  <logger name="com.avaje.ebean.config.PropertyMapLoader" level="OFF" />
  <logger name="com.avaje.ebeaninternal.server.core.XmlConfigLoader" level="OFF" />
  <logger name="com.avaje.ebeaninternal.server.lib.BackgroundThread" level="OFF" />
  <logger name="com.gargoylesoftware.htmlunit.javascript" level="OFF" />

  <root level="ERROR">
    <appender-ref ref="STDOUT" />
    <appender-ref ref="FILE" />
  </root>

</configuration>
