{
  "name": "angular-easyfb",
  "version": "1.3.2",
  "description": "Super easy AngularJS + Facebook JavaScript SDK.",
  "main": "angular-easyfb.js",
  "ignore": [
    "**/.*",
    "node_modules",
    "bower_components",
    "Gruntfile.js",
    "package.json",
    "test",
    "tests"
  ],
  "dependencies": {},
  "devDependencies": {
    "angular": "^1.4.0",
    "angular-mocks": "^1.4.0"
  },
  "homepage": "https://github.com/pc035860/angular-easyfb",
  "_release": "1.3.2",
  "_resolution": {
    "type": "version",
    "tag": "v1.3.2",
    "commit": "9961e38f4175decfd2a9cb560ee69171349763b8"
  },
  "_source": "https://github.com/pc035860/angular-easyfb.git",
  "_target": "~1.3.2",
  "_originalSource": "angular-easyfb"
}