{
  "name": "iscroll",
  "description": "Smooth scrolling for the web",
  "homepage": "http://cubiq.org/iscroll-4",
  "author": "Matteo Spinelli <matteo@cubiq.org> (http://cubiq.org)",
  "keywords": [
    "scrolling",
    "carousel",
    "zoom",
    "iphone",
    "android",
    "mobile",
    "desktop"
  ],
  "main": "build/iscroll-probe.js",
  "devDependencies": {
    "jshint": "~2.5.1",
    "uglify-js": "~2.4.13"
  },
  "repository": {
    "type": "git",
    "url": "https://github.com/cubiq/iscroll.git"
  },
  "bugs": {
    "url": "https://github.com/cubiq/iscroll/issues"
  },
  "license": "MIT",
  "_release": "de769968aa",
  "_resolution": {
    "type": "branch",
    "branch": "master",
    "commit": "de769968aacbcc10086333261df371151b6e130a"
  },
  "_source": "https://github.com/hecticus/iscroll.git",
  "_target": "master",
  "_originalSource": "https://github.com/hecticus/iscroll.git"
}